"http://i.imgur.com/FApqk3D.jpg","#FFFFFF","#000000","#F3C300"
"http://i.imgur.com/TKLs9lo.jpg","#FFFFFF","#FEFEFE","#F7F7F7"
"https://i.redd.it/4m5yk8gjrtzy.jpg","#010101","#020001","#030102"
"https://i.redd.it/xae65ypfqycy.jpg","#F4F4F4","#C83A2E","#C24541"
"http://i.imgur.com/lcEUZHv.jpg","#FFFFFF","#C6BBBF","#444A5A"
"https://i.redd.it/1nlgrn49x7ry.jpg","#0F0F0F","#101010","#14100D"
"http://i.imgur.com/M3NOzLC.jpg","#FFFFFF","#93907D","#928F7C"
"https://i.redd.it/w5q6gldnvcuy.jpg","#F3F3F3","#19161D","#18151C"
"https://i.redd.it/s5viyluv421z.jpg","#F5EEDC","#F6EFDD","#7A522F"
"http://i.imgur.com/FApqk3D.jpg","#FFFFFF","#000000","#F3C300"
"http://i.imgur.com/TKLs9lo.jpg","#FFFFFF","#FEFEFE","#F7F7F7"
"https://i.redd.it/d8021b5i2moy.jpg"
"https://i.redd.it/4m5yk8gjrtzy.jpg","#010101","#020001","#030102"
"https://i.redd.it/xae65ypfqycy.jpg","#F4F4F4","#C83A2E","#C24541"
"http://i.imgur.com/lcEUZHv.jpg","#FFFFFF","#C6BBBF","#444A5A"
"https://i.redd.it/1nlgrn49x7ry.jpg","#0F0F0F","#101010","#14100D"
"http://i.imgur.com/M3NOzLC.jpg","#FFFFFF","#93907D","#928F7C"
"https://i.redd.it/w5q6gldnvcuy.jpg","#F3F3F3","#19161D","#18151C"
"https://i.redd.it/s5viyluv421z.jpg","#F5EEDC","#F6EFDD","#7A522F"
"http://i.imgur.com/FApqk3D.jpg","#FFFFFF","#000000","#F3C300"
"http://i.imgur.com/TKLs9lo.jpg","#FFFFFF","#FEFEFE","#F7F7F7"
"https://i.redd.it/d8021b5i2moy.jpg"
"https://i.redd.it/4m5yk8gjrtzy.jpg","#010101","#020001","#030102"
"https://i.redd.it/xae65ypfqycy.jpg","#F4F4F4","#C83A2E","#C24541"
"http://i.imgur.com/lcEUZHv.jpg","#FFFFFF","#C6BBBF","#444A5A"
"https://i.redd.it/1nlgrn49x7ry.jpg","#0F0F0F","#101010","#14100D"
"http://i.imgur.com/M3NOzLC.jpg","#FFFFFF","#93907D","#928F7C"
"https://i.redd.it/w5q6gldnvcuy.jpg","#F3F3F3","#19161D","#18151C"
"https://i.redd.it/s5viyluv421z.jpg","#F5EEDC","#F6EFDD","#7A522F"
